City_ID,City,Cloudiness,Country,Date,Humidity,Lat,Lng,Max Temp,Wind Speed
0,husavik,0,IS,1509170400,46,66.04,-17.34,50.0,10.29
1,busselton,80,AU,1509175121,96,-33.65,115.33,65.66,27.22
2,payakumbuh,8,ID,1509175122,91,-0.22,100.63,82.44,2.73
3,sale,75,MA,1509174000,93,34.04,-6.82,60.8,1.12
4,cozumel,75,MX,1509169620,83,20.51,-86.95,77.0,11.41
5,windhoek,0,NA,1509170400,16,-22.56,17.08,71.6,14.99
6,iqaluit,90,CA,1509174000,79,63.75,-68.51,23.0,5.82
7,tsumeb,0,NA,1509175123,51,-19.23,17.72,70.16,5.26
8,deputatskiy,0,RU,1509175123,76,69.3,139.9,1.4,4.81
9,rikitea,64,PF,1509175123,100,-23.12,-134.97,71.06,6.53
10,alofi,12,NU,1509174000,88,-19.06,-169.92,75.2,5.82
11,hermanus,48,ZA,1509175124,73,-34.42,19.23,51.68,4.16
12,ibotirama,0,BR,1509174968,62,-12.19,-43.22,75.65,7.16
13,eyl,48,SO,1509175124,97,7.98,49.82,77.36,6.26
14,pestovo,88,RU,1509175125,93,58.59,35.8,26.91,4.41
15,sitka,75,US,1509173760,100,57.05,-135.33,46.4,5.82
16,bluff,0,NZ,1509175125,97,-46.6,168.33,53.69,11.79
17,atuona,92,PF,1509175125,100,-9.8,-139.03,79.81,6.96
18,punta arenas,90,CL,1509170400,87,-53.15,-70.92,44.6,10.29
19,kahului,40,US,1509173760,83,20.89,-156.47,71.6,5.82
20,altayskoye,0,RU,1509175127,76,51.95,85.33,39.33,4.81
21,mataura,0,IN,1509175127,40,27.5,77.68,87.26,4.81
22,kloulklubed,90,PW,1509170040,70,7.04,134.26,89.6,4.7
23,hobart,75,AU,1509174000,55,-42.88,147.33,64.4,6.93
24,tautira,40,PF,1509174000,78,-17.73,-149.15,78.8,12.75
25,brae,92,GB,1509173400,87,60.4,-1.35,50.0,14.99
26,agadez,0,NE,1509175128,62,19.75,10.25,55.71,9.33
27,gejiu,0,CN,1509175128,77,23.31,103.16,68.18,2.57
28,thompson,75,CA,1509174000,92,55.74,-97.86,23.0,4.7
29,dikson,88,RU,1509175129,100,73.51,80.55,22.41,29.42
30,cherskiy,76,RU,1509175129,87,68.75,161.3,2.3,4.03
31,longyearbyen,75,SJ,1509173400,62,78.22,15.64,24.8,13.87
32,tungor,32,RU,1509175130,77,53.38,142.96,44.42,12.91
33,christchurch,0,NZ,1509174000,87,-43.53,172.63,55.4,14.99
34,bethel,1,US,1509173760,93,41.37,-73.41,48.2,5.17
35,orchard homes,1,US,1509173580,80,46.86,-114.05,35.6,1.9
36,caravelas,92,BR,1509175131,100,-17.71,-39.25,77.63,19.69
37,hoa binh,20,VN,1509174000,58,20.81,105.34,86.0,1.12
38,carnarvon,0,AU,1509175131,76,-24.87,113.63,73.26,18.23
39,tashla,92,RU,1509175132,95,51.77,52.74,29.3,10.85
40,rapid city,1,US,1509173760,32,44.08,-103.23,37.4,6.93
41,ushuaia,40,AR,1509170400,75,-54.8,-68.3,42.8,2.39
42,saint george,1,US,1509173760,20,37.1,-113.58,62.6,4.7
43,nikolskoye,90,RU,1509172200,92,59.68,30.67,32.0,8.95
44,krasnozerskoye,88,RU,1509175133,78,53.98,79.24,39.62,19.37
45,taolanaro,75,MG,1509170400,94,-25.02,46.97,69.8,11.41
46,samusu,0,CN,1509175133,50,41.43,128.03,56.21,3.51
47,biak,36,ID,1509175134,90,-1.88,136.23,84.85,3.15
48,saskylakh,76,RU,1509175134,81,71.92,114.08,5.99,14.32
49,maceio,40,BR,1509174000,94,-9.67,-35.74,69.8,3.36
50,port hardy,5,CA,1509174000,93,50.7,-127.42,39.2,3.36
51,narsaq,24,GL,1509173400,57,60.92,-46.05,32.0,2.24
52,liku,0,NP,1509175135,54,29.06,82.31,60.98,1.83
53,praia,0,CV,1509174000,41,14.92,-23.51,78.8,8.05
54,fortuna,90,US,1509173700,100,40.6,-124.16,48.2,4.25
55,vanimo,12,PG,1509175136,100,-2.67,141.3,84.02,5.14
56,atar,0,MR,1509175136,44,20.52,-13.05,61.38,4.03
57,klaksvik,90,FO,1509173820,100,62.23,-6.59,48.2,20.8
58,qaanaaq,64,GL,1509175137,100,77.48,-69.36,13.19,8.84
59,avarua,100,CK,1509175125,100,-21.21,-159.78,73.22,17.11
60,gulshat,75,BD,1509174000,58,23.8,90.42,86.0,5.82
61,elko,1,US,1509173760,56,40.83,-115.76,42.8,3.36
62,albany,40,US,1509173640,61,42.65,-73.76,48.2,4.7
63,ilulissat,36,GL,1509173400,73,69.22,-51.1,23.0,5.82
64,calvillo,0,MX,1509175138,45,21.85,-102.72,48.83,5.82
65,esperance,0,AU,1509175139,34,-33.87,121.9,79.83,23.6
66,bambous virieux,75,MU,1509170400,94,-20.34,57.76,75.2,10.29
67,hambantota,12,LK,1509175139,96,6.12,81.12,83.75,3.58
68,campoverde,40,PE,1509170400,94,-8.48,-74.81,75.2,2.24
69,high level,1,CA,1509174000,93,58.52,-117.14,37.4,5.82
70,norman wells,90,CA,1509174000,92,65.28,-126.83,30.2,10.29
71,belushya guba,20,RU,1509175140,100,69.71,60.05,29.16,17.67
72,yermakovskoye,0,RU,1509175141,70,53.28,92.4,36.88,5.17
73,barrow,90,US,1509173580,85,71.29,-156.79,24.8,20.8
74,crotone,90,IT,1509173700,93,39.09,17.12,35.6,31.09
75,chuy,80,UY,1509175142,96,-33.7,-53.46,60.66,18.12
76,isangel,48,VU,1509175142,100,-19.55,169.27,77.13,12.12
77,dinsor,8,SO,1509175142,63,3.0,43.5,79.67,9.53
78,mogzon,76,RU,1509175143,53,51.74,111.96,25.79,12.12
79,mahebourg,75,MU,1509170400,94,-20.41,57.7,75.2,10.29
80,new norfolk,75,AU,1509174000,55,-42.78,147.06,64.4,6.93
81,puri,40,IN,1509172200,62,19.8,85.85,89.6,4.7
82,basco,8,PH,1509175071,100,20.45,121.97,81.14,9.33
83,ierapetra,0,GR,1509173400,55,35.01,25.74,64.4,8.05
84,east london,0,ZA,1509170400,55,-33.02,27.91,60.8,8.05
85,butaritari,0,KI,1509175144,100,3.07,172.79,84.04,12.77
86,kenmare,68,IE,1509175144,100,51.88,-9.58,49.68,4.14
87,igarka,92,RU,1509175145,95,67.47,86.58,23.54,10.11
88,graaff-reinet,0,ZA,1509175145,64,-32.25,24.53,45.95,4.03
89,venado tuerto,0,AR,1509175145,83,-33.75,-61.97,52.45,4.16
90,fukue,75,JP,1509171540,93,32.69,128.84,64.4,11.41
91,barentsburg,75,DE,1509173400,81,52.62,8.8,50.0,19.46
92,kapaa,75,US,1509173760,83,22.08,-159.32,75.2,8.05
93,mys shmidta,92,UA,1509175147,98,47.75,38.03,49.86,8.05
94,liverpool,75,GB,1509173400,93,53.41,-2.98,55.4,18.34
95,guangzhou,0,CN,1509172200,35,23.12,113.25,84.2,8.95
96,cayenne,40,GF,1509172200,100,4.93,-52.33,75.2,1.12
97,nemuro,75,JP,1509170400,71,43.32,145.57,53.6,13.87
98,kaitangata,0,NZ,1509175148,78,-46.23,169.75,54.77,8.05
99,waiuku,100,NZ,1509174000,88,-37.25,174.75,62.6,6.93
100,khatanga,76,RU,1509175149,81,71.97,102.5,3.94,11.1
101,baturaja,24,ID,1509175149,97,-4.13,104.17,84.74,6.31
102,araouane,0,ML,1509175149,40,18.9,-3.53,60.89,4.07
103,tuktoyaktuk,92,CA,1509175150,95,69.45,-133.04,28.53,11.9
104,hithadhoo,0,MV,1509175150,100,-0.6,73.08,82.71,4.07
105,saint-philippe,90,RE,1509172200,57,-21.36,55.77,82.4,5.82
106,port elizabeth,0,ZA,1509170400,62,-33.92,25.57,59.0,10.29
107,ruidoso,1,US,1509173700,84,33.33,-105.67,44.6,2.37
108,te anau,0,NZ,1509175151,66,-45.42,167.72,59.9,2.62
109,chokurdakh,48,RU,1509175151,73,70.63,147.92,3.65,10.89
110,cavalcante,80,BR,1509175152,67,-13.8,-47.46,71.91,3.29
111,mar del plata,20,AR,1509170400,93,-38.0,-57.56,51.8,2.24
112,bandarbeyla,88,SO,1509175152,100,9.49,50.81,77.0,7.83
113,hilo,90,US,1509174660,94,19.73,-155.09,71.6,3.36
114,okhotsk,44,RU,1509175153,100,59.38,143.3,21.92,3.62
115,sentyabrskiy,80,RU,1509175153,83,60.75,72.86,30.06,9.17
116,faanui,36,PF,1509175154,100,-16.48,-151.75,79.83,12.86
117,hofn,8,IS,1509175154,90,64.25,-15.21,45.54,11.12
118,angoche,24,MZ,1509175154,100,-16.23,39.91,80.06,9.28
119,tottori,75,JP,1509170400,82,35.5,134.23,66.2,10.29
120,yellowknife,90,CA,1509174300,93,62.46,-114.35,35.6,5.82
121,baldone,90,LV,1509173400,100,56.74,24.39,37.4,11.41
122,kharagpur,0,IN,1509175155,75,22.33,87.33,86.31,4.52
123,upernavik,88,GL,1509175156,100,72.79,-56.15,30.24,13.69
124,havre,1,US,1509173580,69,48.55,-109.68,37.4,11.41
125,marystown,92,CA,1509175156,100,47.17,-55.15,45.86,5.37
126,grand river south east,75,MU,1509170400,94,-20.29,57.78,75.2,10.29
127,prescott,1,US,1509173580,39,34.54,-112.47,48.2,8.05
128,sorland,75,NO,1509173400,69,67.67,12.69,39.2,17.22
129,leningradskiy,0,RU,1509175157,100,69.38,178.42,12.56,4.81
130,coquimbo,90,CL,1509170400,93,-29.95,-71.34,53.6,3.36
131,timbiras,0,BR,1509175158,67,-4.26,-43.94,81.18,5.53
132,belyy yar,0,RU,1509172200,51,53.6,91.39,37.4,2.24
133,lebu,92,CL,1509175158,100,-37.62,-73.65,53.73,20.4
134,changli,88,CN,1509175158,87,39.7,119.15,61.97,15.99
135,baykit,88,RU,1509175159,81,61.67,96.37,25.97,6.93
136,port alfred,44,ZA,1509175159,91,-33.59,26.89,60.66,7.87
137,kyaikto,0,MM,1509175159,81,17.3,97.02,87.62,1.23
138,rolim de moura,32,BR,1509175160,94,-11.5,-61.47,74.57,2.06
139,bredasdorp,0,ZA,1509170400,48,-34.53,20.04,60.8,18.34
140,cape town,0,ZA,1509171360,51,-33.93,18.42,62.6,4.7
141,puerto ayora,48,EC,1509175160,100,-0.74,-90.35,66.33,8.66
142,sibolga,32,ID,1509175161,99,1.74,98.78,75.78,2.35
143,ribeira brava,20,PT,1509174000,33,32.65,-17.07,71.6,5.82
144,ancud,92,CL,1509175161,97,-41.87,-73.82,45.14,9.17
145,slave lake,1,CA,1509174000,70,55.28,-114.77,32.0,3.36
146,lolua,75,FI,1509173400,100,60.21,24.65,37.4,12.75
147,broome,0,AU,1509174000,66,-17.97,122.23,87.8,16.11
148,vaitupu,90,BO,1509170400,88,-17.8,-63.17,75.2,4.7
149,saleaula,40,IN,1509174000,45,17.31,78.48,87.8,5.82
150,marathon,90,US,1509174840,69,24.71,-81.09,78.8,11.41
151,hovd,0,MN,1509175163,74,48.01,91.64,28.58,4.29
152,anito,32,PH,1509175163,100,12.45,125.29,81.59,8.66
153,nuuk,88,GL,1509173400,100,64.18,-51.72,37.4,2.24
154,saraland,1,US,1509173760,93,30.82,-88.07,68.0,7.05
155,fairbanks,90,US,1509173880,86,64.84,-147.72,37.4,11.41
156,fort nelson,20,CA,1509174000,93,58.81,-122.7,37.4,2.24
157,banjar,20,ID,1509172200,62,-8.19,114.97,89.6,13.87
158,castro,76,BR,1509175129,96,-24.79,-50.01,65.12,11.45
159,mayo,1,US,1509173760,81,38.89,-76.51,60.8,5.82
160,severo-kurilsk,56,RU,1509175165,90,50.68,156.12,40.91,12.57
161,yumen,0,CN,1509175166,61,40.28,97.2,37.85,13.09
162,katsuura,75,JP,1509172200,82,35.13,140.3,60.8,10.29
163,tuatapere,0,NZ,1509175166,82,-46.13,167.68,55.94,7.16
164,tekeli,48,KZ,1509175167,45,44.83,78.82,55.71,3.62
165,jiangyou,56,CN,1509175167,66,31.77,104.72,66.08,7.29
166,bulawayo,90,ZW,1509170400,82,-20.15,28.58,55.4,23.04
167,suda,80,RU,1509175167,96,59.15,37.56,29.43,8.84
168,sakakah,0,SA,1509170400,12,29.97,40.21,78.8,18.34
169,nizhneyansk,20,RU,1509172200,85,55.64,51.82,21.2,3.91
170,prince rupert,90,CA,1509174000,93,54.32,-130.32,46.4,3.36
171,kavieng,48,PG,1509175169,100,-2.57,150.8,83.03,2.84
172,dauphin,90,CA,1509174000,100,51.15,-100.05,30.2,3.36
173,bow island,1,CA,1509174000,65,49.87,-111.37,41.0,9.17
174,presidencia roque saenz pena,20,AR,1509175170,83,-26.79,-60.44,59.31,7.27
175,yulara,0,AU,1509174000,11,-25.24,130.99,95.0,10.29
176,kodiak,1,US,1509173580,100,57.79,-152.41,35.6,4.7
177,half moon bay,90,US,1509173760,100,37.46,-122.43,62.6,9.17
178,sao jose da coroa grande,92,BR,1509175171,100,-8.9,-35.15,74.75,9.28
179,grindavik,20,IS,1509172200,87,63.84,-22.43,46.4,17.22
180,vila velha,20,BR,1509170400,78,-20.33,-40.29,77.0,13.87
181,sun valley,1,US,1509173700,50,39.6,-119.78,51.8,1.9
182,illoqqortoormiut,75,PT,1509174000,82,38.53,-28.64,62.6,5.82
183,parabel,88,RU,1509175173,86,58.7,81.48,29.39,8.16
184,aklavik,90,CA,1509174000,92,68.22,-135.01,26.6,4.7
185,vaini,75,TO,1509174000,88,-21.2,-175.2,77.0,17.13
186,shimoda,75,JP,1509170400,88,34.67,138.95,62.6,18.34
187,arraial do cabo,64,BR,1509175174,81,-22.97,-42.03,75.47,14.7
188,yaitepec,5,MX,1509173400,58,18.88,-99.07,62.6,8.05
189,gbarnga,80,LR,1509175174,100,7.0,-9.47,69.8,2.57
190,ipixuna,90,BR,1509170400,94,-7.57,-72.62,75.2,3.36
191,saint stephen,75,GB,1509171600,87,50.33,-4.9,51.8,11.41
192,storforshei,75,NO,1509173400,100,66.37,14.33,35.6,3.36
193,lorengau,100,PG,1509175175,100,-2.02,147.27,82.71,1.5
194,eseka,88,CM,1509175176,96,3.65,10.77,72.81,3.24
195,palmer,1,US,1509174360,93,42.16,-72.33,44.6,2.62
196,ambon,40,ID,1509172200,66,-3.7,128.18,86.0,6.93
197,dunedin,0,NZ,1509174914,75,-45.87,170.5,57.51,4.07
198,bartica,40,GY,1509170400,88,6.4,-58.62,77.0,2.24
199,omsk,75,RU,1509172200,92,55.0,73.4,28.4,11.18
200,memari,40,IN,1509174000,45,23.2,88.12,87.8,5.82
201,riyadh,0,SA,1509170400,21,24.69,46.72,80.6,3.36
202,chuka,92,KE,1509175177,100,-0.33,37.65,65.95,3.71
203,podosinovets,64,RU,1509175178,90,60.28,47.07,23.45,4.85
204,waingapu,8,ID,1509175178,85,-9.66,120.26,84.83,6.04
205,richards bay,92,ZA,1509175178,98,-28.78,32.04,58.41,9.66
206,saint anthony,1,US,1509173700,80,45.02,-93.22,33.8,10.29
207,opuwo,0,NA,1509175179,60,-18.06,13.84,59.76,2.06
208,nyurba,32,RU,1509175180,67,63.28,118.33,19.31,4.81
209,erenhot,0,CN,1509175180,38,43.65,111.98,34.09,14.0
210,camacha,0,PT,1509174000,43,33.08,-16.33,71.6,4.7
211,zandvoort,75,NL,1509173700,81,52.37,4.53,53.6,19.46
212,hilton head island,1,US,1509173760,93,32.22,-80.75,59.0,5.06
213,killybegs,92,IE,1509175181,100,54.63,-8.45,53.96,15.82
214,jamestown,1,US,1509173760,66,42.1,-79.24,50.0,5.82
215,tsihombe,92,MG,1509175181,65,-25.3,45.48,72.81,13.35
216,collie,20,AU,1509175182,65,-33.37,116.15,68.36,27.22
217,santa cruz,20,PH,1509170400,66,14.28,121.42,87.8,9.17
218,baruun-urt,0,MN,1509175182,42,46.68,113.28,31.7,15.68
219,tambul,0,SD,1509175183,22,14.94,33.23,89.01,8.1
220,kashipur,0,IN,1509175183,58,29.22,78.95,74.93,3.36
221,dniprovka,92,UA,1509175183,100,47.43,34.62,51.71,10.18
222,pangody,80,RU,1509175184,96,65.85,74.49,25.79,10.96
223,tiznit,0,MA,1509175184,46,29.58,-9.5,43.25,3.13
224,amderma,48,RU,1509175184,91,69.75,61.65,24.98,12.3
225,gergebil,90,RU,1509172200,87,42.5,47.07,57.2,11.18
226,hasaki,90,JP,1509173400,93,35.73,140.83,60.8,12.75
227,shaunavon,12,CA,1509175185,73,49.65,-108.42,30.06,6.08
228,lompoc,90,US,1509174720,100,34.64,-120.46,60.8,4.7
229,zaria,64,NG,1509175186,52,11.11,7.72,60.08,2.57
230,itarema,88,BR,1509175186,83,-2.88,-39.95,78.08,14.81
231,bonfim,68,BR,1509175187,92,3.08,-59.95,73.31,3.24
232,yirol,90,EE,1509173400,100,59.44,24.75,33.8,11.41
233,cidreira,76,BR,1509175187,97,-30.18,-50.21,64.44,13.42
234,attawapiskat,92,CA,1509175188,82,52.3,-81.62,36.81,9.44
235,hjelset,75,NO,1509173400,81,62.78,7.48,46.4,8.05
236,axim,48,GH,1509175188,100,4.87,-2.24,80.06,8.28
237,tarakan,8,ID,1509175189,82,3.3,117.63,87.21,2.01
238,umzimvubu,0,ZA,1509175189,84,-30.55,29.42,45.59,3.24
239,halifax,5,CA,1509174000,100,44.65,-63.57,42.8,6.93
240,erzurum,20,TR,1509173400,46,40.0,41.5,53.6,3.36
241,hamilton,90,CA,1509174780,87,43.23,-79.95,53.6,6.93
242,lavrentiya,0,RU,1509175190,100,65.58,-171.0,30.49,16.35
243,buin,20,CL,1509170400,76,-33.73,-70.75,51.8,10.29
244,aitape,64,PG,1509175191,93,-3.14,142.35,83.43,4.36
245,tortoli,40,IT,1509173700,72,39.93,9.66,64.4,32.21
246,kulhudhuffushi,44,MV,1509175191,100,6.62,73.07,81.54,4.92
247,razole,8,IN,1509175192,91,16.48,81.83,87.53,11.41
248,huarmey,88,PE,1509175192,71,-10.07,-78.15,61.0,3.27
249,karratha,0,AU,1509174952,8,-20.74,116.85,102.2,6.6
250,naron,0,ES,1509174000,100,43.52,-8.15,48.2,2.24
251,airai,92,FI,1509173400,93,60.62,22.58,41.0,3.36
252,wagar,0,SD,1509175192,35,16.15,36.2,88.61,7.05
253,krutinka,80,RU,1509175193,100,56.01,71.51,30.33,9.33
254,batagay-alyta,48,RU,1509175193,72,67.8,130.41,-0.86,3.24
255,ahome,0,MX,1509175194,86,25.92,-109.18,74.16,10.96
256,victoria,5,CA,1509174000,93,48.43,-123.37,46.4,4.7
257,hargeysa,75,SO,1509170400,82,9.56,44.06,66.2,9.17
258,viligili,100,ZM,1509175194,28,-14.56,30.81,90.36,14.92
259,stornoway,20,GB,1509173400,87,58.21,-6.39,53.6,20.8
260,odesskoye,92,RU,1509175195,96,54.21,72.97,30.83,9.95
261,pevek,48,RU,1509175195,100,69.7,170.31,5.65,9.98
262,belmonte,20,BR,1509174000,94,-15.86,-38.88,73.4,6.93
263,vao,0,NC,1509175196,100,-22.67,167.48,72.63,8.95
264,ponta do sol,20,PT,1509174000,33,32.67,-17.1,71.6,5.82
265,eureka,90,US,1509173700,100,40.8,-124.16,48.2,4.25
266,goiatuba,88,BR,1509175197,96,-18.01,-49.35,67.28,4.41
267,kabare,92,CD,1509175197,100,-2.47,28.82,61.67,3.6
268,port-gentil,75,GA,1509170400,88,-0.72,8.78,80.6,9.17
269,sfantu gheorghe,90,RO,1509174000,93,44.65,26.83,50.0,9.17
270,krasnoselkup,68,RU,1509175198,95,65.7,82.47,23.6,11.88
271,khasan,48,RU,1509175198,93,55.8,49.12,24.64,9.08
272,hami,0,CN,1509175198,51,42.8,93.45,52.38,13.8
273,skara,56,SE,1509173400,66,58.39,13.44,50.0,18.34
274,labuhan,0,ID,1509175199,100,-6.88,112.21,83.61,6.53
275,guerrero negro,12,MX,1509174964,100,27.98,-114.06,60.08,4.74
276,alyangula,0,AU,1509175199,80,-13.85,136.42,88.11,11.45
277,alice springs,0,AU,1509174000,26,-23.7,133.88,93.2,3.36
278,jumla,44,NP,1509175200,83,29.27,82.18,39.33,1.12
279,warman,75,CA,1509174000,77,52.32,-106.57,32.0,6.93
280,jinotega,92,NI,1509175200,86,13.09,-86.0,67.1,3.36
281,kazachinskoye,64,RU,1509175201,78,57.7,93.28,31.55,3.91
282,san vicente,20,AR,1509175201,95,-26.62,-54.13,62.46,4.03
283,namibe,36,AO,1509175202,100,-15.2,12.15,70.16,2.57
284,itacare,100,BR,1509174937,93,-14.28,-39.0,76.55,7.54
285,georgetown,40,GY,1509170400,88,6.8,-58.16,77.0,2.24
286,ust-nera,44,RU,1509175202,73,64.57,143.2,-5.07,1.92
287,taber,1,CA,1509174000,70,49.82,-112.15,42.8,12.75
288,tasiilaq,0,GL,1509173400,32,65.61,-37.64,41.0,12.75
289,torbay,90,CA,1509174000,93,47.67,-52.73,39.2,3.36
290,changji,0,CN,1509172200,52,44.02,87.32,41.0,6.71
291,sandavagur,90,FO,1509173820,100,62.05,-7.19,48.2,20.8
292,kidal,0,ML,1509175204,48,18.44,1.41,59.27,10.78
293,tahoua,0,NE,1509174000,28,14.89,5.27,73.4,11.41
294,wanning,0,CN,1509175205,97,18.8,110.4,81.05,18.57
295,asfi,0,IT,1509174000,47,44.9,8.21,55.4,2.8
296,geraldton,90,AU,1509174000,52,-28.77,114.6,68.0,16.11
297,bathsheba,40,BB,1509170400,88,13.22,-59.52,80.6,13.87
298,ribeira grande,75,PT,1509174000,82,38.52,-28.7,62.6,5.82
299,beisfjord,40,NO,1509173400,100,68.43,17.43,33.8,3.36
300,provideniya,12,RU,1509175207,100,64.38,-173.3,29.93,14.92
301,codrington,92,AU,1509175207,88,-38.27,141.97,59.42,5.5
302,mutis,92,CO,1509175207,100,6.23,-77.4,70.9,0.58
303,itamaraju,88,BR,1509175208,93,-17.04,-39.53,71.96,7.61
304,rio grande,92,BR,1509175208,100,-32.03,-52.1,63.68,20.74
305,gebre guracha,0,ET,1509175209,76,9.8,38.4,61.7,2.62
306,flinders,80,AU,1509170400,39,-34.58,150.86,82.4,13.87
307,clyde river,1,CA,1509174000,60,70.47,-68.59,6.8,14.99
308,itoman,75,JP,1509173220,94,26.12,127.67,78.8,35.57
309,watrous,12,CA,1509175210,81,51.67,-105.47,22.82,3.02
310,macaboboni,44,PH,1509175210,92,16.19,119.78,83.39,3.85
311,nelson bay,68,AU,1509174000,73,-32.72,152.15,71.6,10.29
312,bullhead city,1,US,1509173760,19,35.15,-114.57,77.0,5.53
313,quatre cocos,75,MU,1509170400,94,-20.21,57.76,75.2,10.29
314,guarapari,20,BR,1509170400,78,-20.67,-40.5,77.0,13.87
315,szczytno,92,PL,1509175212,98,53.56,20.99,41.54,12.68
316,lakselv,88,NO,1509173400,74,70.05,24.97,35.6,4.7
317,am timan,0,TD,1509175213,52,11.03,20.28,79.11,3.74
318,port lincoln,0,AU,1509175213,80,-34.73,135.87,63.99,16.6
319,svetlaya,0,RU,1509175214,81,46.54,138.33,48.74,14.92
320,aquiraz,20,BR,1509174000,78,-3.9,-38.39,78.8,13.87
321,sahrak,0,AF,1509175215,29,34.11,64.31,56.61,3.4
322,aiyina,20,GR,1509173400,72,37.75,23.43,64.4,6.31
323,towada,0,JP,1509170400,51,40.18,140.79,62.6,4.7
324,loukhi,88,RU,1509175216,95,66.08,33.04,33.53,10.67
325,carutapera,92,BR,1509175216,84,-1.2,-46.02,79.7,11.07
326,cabo san lucas,0,MX,1509175186,100,22.89,-109.91,81.18,12.64
327,meyungs,90,PW,1509173400,74,7.34,134.47,86.0,4.7
328,bubaque,20,GW,1509174000,88,11.28,-15.83,78.8,8.39
329,margate,20,GB,1509173400,81,51.38,1.39,44.6,12.75
330,toktogul,20,KG,1509175217,70,41.87,72.94,39.65,1.79
331,peniche,0,PT,1509174000,42,39.36,-9.38,68.0,8.05
332,tazovskiy,88,RU,1509175218,97,67.47,78.7,23.04,9.95
333,salekhard,80,RU,1509175218,91,66.53,66.6,18.92,5.61
334,maunatlala,90,BW,1509170400,82,-22.6,27.63,59.0,12.75
335,yekimovichi,88,RU,1509175219,100,54.11,33.3,36.32,3.24
336,nioro,0,GM,1509175219,83,13.35,-15.75,74.93,6.82
337,zachagansk,90,KZ,1509172200,100,51.23,51.37,35.6,11.18
338,krasnoarmeysk,75,RU,1509172200,93,51.02,45.7,42.8,6.71
339,harper,76,LR,1509175220,100,4.38,-7.72,78.08,7.31
340,takoradi,32,GH,1509175220,100,4.88,-1.76,78.89,6.6
341,atambua,0,ID,1509175220,74,-9.11,124.89,88.38,5.08
342,azimur,75,BD,1509174000,58,23.72,90.41,86.0,5.82
343,ksenyevka,0,RU,1509175221,40,53.53,119.45,30.31,8.19
344,souillac,75,MU,1509170400,94,-20.52,57.52,75.2,10.29
345,bayir,40,TR,1509173400,82,37.34,28.14,60.8,4.7
346,puerto madryn,12,AR,1509175222,80,-42.77,-65.04,57.67,19.26
347,ler,8,SS,1509175222,77,8.3,30.14,82.44,4.63
348,mala,32,PE,1509175222,100,-12.66,-76.63,59.72,4.25
349,manoel urbano,12,BR,1509175223,93,-8.84,-69.26,76.68,2.13
350,qui nhon,92,VN,1509175223,94,13.77,109.23,78.93,18.45
351,cyangugu,68,RW,1509175224,100,-2.48,28.91,62.51,3.58
352,coxim,24,BR,1509175083,94,-18.51,-54.76,69.89,8.05
353,deep river,20,CA,1509174000,76,46.1,-77.5,48.2,11.41
354,sao filipe,0,CV,1509175225,100,14.9,-24.5,78.8,11.18
355,vila franca do campo,40,PT,1509174000,88,37.72,-25.43,69.8,9.17
356,saldanha,20,ZA,1509174000,60,-33.01,17.94,71.6,6.93
357,tiarei,40,PF,1509174000,78,-17.53,-149.33,78.8,12.75
358,stoyba,8,RU,1509175226,96,55.5,94.39,31.23,4.36
359,constitucion,92,CL,1509175226,98,-35.33,-72.42,51.17,7.76
360,jabinyanah,0,TN,1509170400,55,35.03,10.91,60.8,8.05
361,tamparan,68,PH,1509175227,84,7.88,124.33,76.82,2.8
362,acapulco,40,MX,1509169440,88,16.86,-99.89,78.8,4.7
363,foz do iguacu,0,BR,1509174000,93,-25.55,-54.59,64.4,9.17
364,mount isa,75,AU,1509174000,31,-20.73,139.5,91.4,11.41
365,kuusamo,90,FI,1509173400,92,65.97,29.18,30.2,8.05
366,merrill,90,US,1509173700,90,45.18,-89.68,33.8,13.87
367,dondo,90,MZ,1509170400,100,-19.61,34.74,77.0,21.92
368,hobyo,56,SO,1509175228,80,5.35,48.53,80.24,7.87
369,karaul,80,RU,1509175228,98,58.31,48.35,22.52,4.05
370,bargal,100,IQ,1509175229,40,37.0,43.25,65.27,1.7
371,vardo,64,NO,1509175229,100,70.37,31.11,40.46,15.7
372,henties bay,0,NA,1509175229,100,-22.12,14.28,55.53,5.41
373,tallahassee,90,US,1509172500,93,30.44,-84.28,57.2,3.85
374,okha,32,RU,1509175230,77,53.57,142.95,44.42,12.91
375,mamallapuram,75,IN,1509174000,70,12.63,80.17,87.8,8.05
376,launceston,44,AU,1509174000,63,-41.45,147.17,60.8,19.46
377,kardla,90,EE,1509173400,93,59.0,22.75,42.8,10.29
378,shetpe,0,KZ,1509175231,80,44.17,52.12,44.64,5.64
379,las vegas,1,US,1509173760,29,36.17,-115.14,73.4,4.7
380,olafsvik,0,IS,1509175232,96,64.89,-23.71,46.69,18.03
381,grimari,0,CF,1509175232,85,5.84,20.63,75.02,4.52
382,bana,80,CM,1509175232,100,5.15,10.28,61.67,2.71
383,old town,1,US,1509170160,93,44.93,-68.65,37.4,3.36
384,jalu,5,MX,1509170460,71,20.67,-103.33,55.4,1.5
385,santo antonio do ica,88,BR,1509175233,89,-3.1,-67.94,77.94,5.08
386,smithers,90,CA,1509174000,100,54.78,-127.17,35.6,3.36
387,san isidro,12,PE,1509175233,85,-12.12,-77.05,57.11,1.57
388,zhanaozen,0,KZ,1509175234,73,43.3,52.8,48.83,10.4
389,nizhniy tsasuchey,24,RU,1509175234,41,50.52,115.13,32.76,22.08
390,ermelo,92,ZA,1509175234,86,-26.53,29.98,44.08,12.88
391,mandera,8,KE,1509175234,91,3.94,41.87,77.09,6.15
392,tuggurt,0,DZ,1509174000,62,33.11,6.06,51.8,5.82
393,xinqing,44,CN,1509175235,64,48.23,129.5,46.67,8.88
394,yar-sale,80,RU,1509175236,100,66.83,70.83,24.44,11.18
395,lasa,0,IT,1509173700,74,46.62,10.7,37.4,6.93
396,inhambane,90,MZ,1509170400,77,-23.86,35.38,68.0,17.22
397,vestmannaeyjar,0,IS,1509175237,97,63.44,-20.27,45.41,16.71
398,claudio,64,BR,1509175114,94,-20.44,-44.77,63.14,8.66
399,aswan,0,EG,1509170400,27,24.09,32.91,73.4,9.17
400,kenai,1,US,1509173760,80,60.55,-151.26,42.8,14.99
401,taburi,56,PH,1509175238,100,8.65,117.51,82.58,6.82
402,bowen,0,AU,1509170400,62,-20.02,148.23,86.0,16.11
403,sorong,8,ID,1509175238,100,-0.88,131.25,83.59,8.19
404,yerbogachen,88,RU,1509175238,67,61.28,108.01,27.97,10.31
405,roches noires,90,MA,1509174180,93,33.59,-7.56,60.8,2.24
406,chipinge,92,ZW,1509175239,100,-20.19,32.62,59.49,14.2
407,kadi,0,IN,1509174000,27,23.3,72.33,91.4,3.36
408,lagoa,12,PT,1509175240,100,39.05,-27.98,63.95,10.18
409,zhangye,24,CN,1509175240,99,38.93,100.45,39.51,4.25
410,masvingo,90,ZW,1509170400,100,-20.06,30.83,55.4,11.41
411,aflu,0,DZ,1509175241,78,34.11,2.1,42.93,6.31
412,tumannyy,56,RU,1509175241,91,69.16,35.15,32.94,10.78
413,verkhnetulomskiy,75,RU,1509172200,74,68.61,31.8,33.8,6.71
414,dakar,0,SN,1509174000,83,14.69,-17.44,82.4,9.17
415,korla,12,CN,1509175242,41,41.76,86.15,47.79,5.3
416,teguldet,48,RU,1509175242,71,57.31,88.17,32.2,4.16
417,porto velho,40,BR,1509174000,94,-8.76,-63.9,75.2,2.15
418,kazalinsk,8,KZ,1509175242,89,45.85,62.16,42.53,5.3
419,kismayo,24,SO,1509175011,100,-0.36,42.55,78.84,10.18
420,kisangani,92,CD,1509175242,99,0.52,25.2,73.28,3.27
421,bilibino,80,RU,1509175243,78,68.05,166.44,-5.0,2.39
422,ormara,0,PK,1509175243,81,25.21,64.64,80.73,7.31
423,trelew,32,AR,1509175244,42,-43.25,-65.31,60.62,13.31
424,kermanshah,0,IR,1509172200,13,34.31,47.06,71.6,3.62
425,cockburn town,92,TC,1509175244,100,21.46,-71.14,82.33,14.56
426,ryotsu,75,JP,1509170400,52,38.08,138.43,66.2,6.93
427,kargat,80,RU,1509175245,82,55.2,80.28,35.78,18.61
428,olinda,40,BR,1509174000,78,-8.01,-34.86,78.8,6.93
429,santa ines,32,BR,1509175245,94,-3.67,-45.38,73.94,3.74
430,jizan,0,SA,1509170400,59,16.89,42.55,91.4,8.05
431,west richland,1,US,1509173580,93,46.3,-119.36,42.8,2.73
432,komsomolskiy,76,UZ,1509172200,36,40.43,71.72,66.2,6.93
433,the valley,80,AI,1509175246,100,18.22,-63.06,79.79,17.9
434,mgachi,0,RU,1509175247,71,51.05,142.27,48.2,18.34
435,vershino-darasunskiy,0,RU,1509175247,37,52.35,115.52,30.38,12.35
436,laguna,1,US,1509174000,82,38.42,-121.42,66.2,2.84
437,paita,80,PE,1509175247,87,-5.09,-81.11,66.78,3.62
438,tiksi,12,RU,1509175248,73,71.69,128.87,3.11,9.55
439,omaruru,0,NA,1509175248,70,-21.43,15.93,56.48,3.06
440,kano,8,NG,1509174000,42,12.0,8.52,68.0,2.24
441,qiongshan,20,CN,1509170400,62,20.01,110.35,84.2,13.42
442,paamiut,92,GL,1509175249,85,61.99,-49.67,39.11,12.86
443,santa rosa,20,PH,1509170400,66,14.31,121.11,87.8,9.17
444,bolshiye uki,92,RU,1509175249,97,57.23,73.49,30.11,11.34
445,bengkulu,32,ID,1509175250,100,-3.8,102.27,82.08,6.76
446,tyup,68,KG,1509175250,42,42.73,78.36,49.1,4.92
447,walvis bay,0,NA,1509170400,88,-22.96,14.51,66.2,2.24
448,santiago de cao,75,PE,1509170400,87,-7.96,-79.24,60.8,4.7
449,camacupa,48,AO,1509175251,78,-12.02,17.48,66.56,4.07
450,longyan,0,CN,1509175251,43,25.11,117.02,76.23,2.73
451,namatanai,8,PG,1509175252,98,-3.67,152.43,84.56,3.13
452,balkhash,92,KZ,1509175252,86,46.85,75.0,49.14,9.89
453,sao felix do xingu,20,BR,1509175252,99,-6.64,-51.99,72.52,1.92
454,sao miguel do araguaia,56,BR,1509175253,92,-13.28,-50.16,74.34,5.14
455,meilu,8,CN,1509175253,64,21.69,110.63,84.83,5.86
456,tolbazy,75,RU,1509172200,79,54.02,55.88,26.6,4.47
457,vokhtoga,80,RU,1509175254,93,58.81,41.05,23.54,9.62
458,nova olimpia,12,BR,1509175254,91,-14.8,-57.29,74.79,3.06
459,puli,40,TW,1509172200,53,23.97,120.97,77.0,16.11
460,tsienyane,92,ZA,1509174000,25,-24.33,30.53,53.6,19.46
461,hauterive,90,FR,1509174000,100,46.09,3.45,44.6,4.03
462,livingstone,76,ZM,1509175256,33,-17.84,25.85,84.47,16.89
463,olga,0,RU,1509175256,58,43.74,135.29,55.53,5.03
464,kpalime,32,TG,1509175256,99,6.9,0.63,69.77,2.26
465,sterling,1,US,1509173760,81,39.01,-77.43,57.2,3.36
466,yaan,75,TW,1509172620,64,24.99,121.3,75.2,10.29
467,mecca,0,SA,1509170400,70,21.43,39.83,86.0,4.25
468,ust-omchug,48,RU,1509175257,87,61.15,149.63,6.44,2.51
469,adrar,0,DZ,1509174000,66,27.87,-0.29,51.8,8.05
470,asau,90,RO,1509174000,87,46.43,26.4,50.0,13.87
471,valparaiso,90,CL,1509174000,87,-33.04,-71.63,48.2,2.51
472,arvin,1,US,1509173700,48,35.21,-118.83,68.0,2.35
473,san patricio,0,MX,1509175259,100,19.22,-104.7,70.7,3.29
474,la rioja,40,ES,1509170400,76,42.25,-2.5,57.2,12.75
475,merauke,24,ID,1509175259,78,-8.47,140.33,87.53,10.07
476,minsk,75,BY,1509173040,100,53.9,27.57,35.6,4.47
477,coahuayana,0,MX,1509175260,100,18.73,-103.68,80.15,3.24
478,bima,0,ID,1509175260,56,-8.47,118.72,90.63,3.85
479,sarakhs,20,IR,1509170400,64,36.54,61.16,68.0,2.24
480,lang suan,20,TH,1509175261,78,9.95,99.08,86.81,4.59
481,mpika,80,ZM,1509175262,61,-11.83,31.45,74.03,10.45
482,newport,12,GB,1509173400,93,51.59,-3.0,51.8,16.11
483,barry,40,GB,1509173400,87,51.41,-3.27,51.8,13.87
484,yanchukan,92,CN,1509175263,70,36.78,110.64,48.62,10.76
485,burnie,56,AU,1509175263,97,-41.07,145.92,57.11,13.42
486,kirakira,64,SB,1509175263,100,-10.45,161.92,81.32,6.53
487,kruisfontein,0,ZA,1509175264,87,-34.0,24.73,59.0,11.68
488,muroto,75,JP,1509171780,93,33.28,134.15,66.2,2.24
489,coihaique,90,CL,1509170400,86,-45.58,-72.07,41.0,5.82
490,satitoa,90,FI,1509173400,100,61.5,27.27,32.0,5.82
491,fort saint john,20,CA,1509174000,61,56.25,-120.85,55.4,11.41
492,kamaishi,75,JP,1509170400,63,39.27,141.88,60.8,11.41
493,lafiagi,12,NG,1509175266,77,8.87,5.42,69.8,3.29
494,nanortalik,92,GL,1509175266,96,60.14,-45.24,35.33,2.62
495,heihe,40,CN,1509172200,44,50.24,127.49,39.2,17.9
496,bonavista,92,CA,1509175266,100,48.65,-53.11,43.83,8.1
497,sola,88,VU,1509175267,93,-13.88,167.55,82.31,6.08
498,piney green,1,US,1509173640,100,34.72,-77.32,53.6,2.13
499,zhengjiatun,92,CN,1509175267,57,43.51,123.51,41.45,18.84
500,pangnirtung,80,CA,1509175268,100,66.15,-65.71,15.66,8.88
501,gemena,24,CD,1509175268,97,3.25,19.77,70.61,2.84
502,chany,68,RU,1509175268,85,55.31,76.76,37.22,17.38
503,tyrma,88,RU,1509175269,70,50.08,132.17,49.01,12.19
504,bumba,76,CD,1509175269,92,2.18,22.47,76.1,3.36
505,ahuimanu,75,US,1509173880,83,21.44,-157.84,78.8,4.16
506,beringovskiy,8,RU,1509175270,100,63.05,179.32,14.27,10.45
507,miramar,1,US,1509174180,65,25.99,-80.23,78.8,9.17
508,nagua,100,DO,1509175270,92,19.38,-69.85,79.79,6.64
509,bilma,36,NE,1509175270,46,18.69,12.92,62.06,11.41
510,thunder bay,90,CA,1509174000,85,48.4,-89.32,32.0,10.29
511,mount gambier,100,AU,1509175271,75,-37.83,140.77,61.34,5.14
512,buala,80,SB,1509175271,87,-8.14,159.59,83.88,1.12
513,bagan,88,RU,1509175272,79,54.1,77.66,38.75,17.83
514,dinar,20,TR,1509173400,76,38.06,30.17,55.4,2.24
515,uyskoye,20,RU,1509175273,90,54.38,60.0,23.58,9.95
516,kisesa,68,TZ,1509175273,100,-3.08,34.15,66.83,5.59
517,purranque,90,CL,1509170400,93,-40.92,-73.17,42.8,2.24
518,hualmay,24,PE,1509175273,99,-11.1,-77.61,56.93,4.03
519,churhat,0,IN,1509175274,57,24.43,81.68,85.86,4.52
520,tacna,90,PE,1509170400,87,-18.01,-70.25,62.6,3.36
521,rameshki,80,RU,1509175275,97,57.34,36.05,29.79,5.03
522,shenkursk,92,RU,1509175275,86,62.11,42.9,26.64,9.28
523,yei,20,SS,1509175275,100,4.09,30.68,72.23,4.41
524,inirida,76,CO,1509175276,87,3.87,-67.92,76.64,2.01
525,salalah,20,OM,1509169800,58,17.02,54.09,84.2,4.7
526,port blair,12,IN,1509175276,100,11.67,92.75,83.03,9.66
527,curup,56,ID,1509175277,87,-3.47,102.53,77.18,2.62
528,zhigansk,68,RU,1509175277,75,66.77,123.37,16.97,4.92
529,igrim,68,RU,1509175278,83,63.19,64.42,26.69,4.81
530,helena,1,US,1509173580,80,46.59,-112.04,33.8,3.13
531,pisco,0,PE,1509170400,88,-13.7,-76.22,62.6,9.17
532,doume,92,CM,1509175278,97,4.23,13.45,67.39,2.71
533,cairns,0,AU,1509174000,74,-16.92,145.77,80.6,8.05
534,snezhnogorsk,75,RU,1509172200,74,69.19,33.25,33.8,6.71
535,minbu,68,MM,1509175279,70,20.18,94.88,86.09,5.59
536,vrangel,80,RU,1509175279,90,42.73,133.08,53.46,9.06
537,quthing,0,LS,1509175280,73,-30.4,27.7,40.28,2.91
538,beatrice,1,US,1509173640,85,40.27,-96.75,28.4,6.93
539,naryan-mar,44,RU,1509175280,100,67.67,53.09,22.41,14.92
540,gorontalo,32,ID,1509175280,56,0.54,123.06,87.39,3.29
541,bellmore,1,US,1509173760,87,40.67,-73.53,57.2,3.36
542,beloha,64,MG,1509175281,59,-25.17,45.05,73.85,15.21
543,akom,75,FI,1509173400,100,60.19,24.84,37.4,12.75
544,kunya,75,KE,1509174000,68,-1.28,36.82,71.6,11.41
545,karamea,0,AE,1509170400,66,25.26,55.3,87.8,3.36
546,waipawa,0,NZ,1509174000,72,-41.41,175.52,62.6,2.24
547,phan thiet,20,VN,1509175072,89,10.93,108.1,85.37,7.83
548,egvekinot,0,RU,1509175282,52,66.32,-179.17,-11.07,2.06
549,dickinson,40,US,1509173700,40,29.46,-95.05,55.4,18.34
550,berlevag,56,NO,1509175282,100,70.86,29.09,30.22,6.62
551,nakatsu,75,JP,1509172680,82,33.6,131.19,68.0,12.75
552,anadyr,0,RU,1509170400,91,64.75,177.48,-0.41,6.71
553,warqla,0,NP,1509175283,53,29.05,81.3,78.71,2.73
554,lamu,64,KE,1509175283,86,-2.27,40.9,80.33,6.53
555,port hedland,0,AU,1509174000,32,-20.32,118.57,93.2,20.8
556,kattivakkam,75,IN,1509174000,70,13.22,80.32,87.8,8.05
557,poya,0,NC,1509175284,97,-21.35,165.15,74.21,7.31
558,lethem,64,GY,1509175285,78,3.38,-59.8,78.39,3.62
559,biltine,0,TD,1509175285,26,14.53,20.92,76.3,9.19
560,rawson,32,AR,1509175286,71,-43.3,-65.1,58.82,19.39
561,kavaratti,0,IN,1509175286,100,10.57,72.64,82.31,4.81
562,santa fe,1,US,1509173580,69,35.69,-105.94,39.2,9.17
563,tatarsk,68,RU,1509175286,82,55.22,75.98,36.14,16.11
564,gallup,1,US,1509173580,40,35.53,-108.74,39.2,3.06
565,qaqortoq,68,GL,1509173400,94,60.72,-46.03,32.0,2.24
566,san cristobal,12,VE,1509175287,90,7.77,-72.22,66.51,1.72
567,ganta,24,LR,1509175287,100,7.3,-8.53,68.0,3.02
568,havre-saint-pierre,90,CA,1509174000,100,50.23,-63.6,41.0,11.41
569,hervey bay,0,AU,1509175288,82,-25.28,152.85,77.47,9.19
570,santa isabel,0,BR,1509170400,77,-23.32,-46.22,68.0,19.46
571,dudinka,80,RU,1509175289,75,69.41,86.18,9.99,6.26
572,muros,0,ES,1509174000,87,42.78,-9.06,53.6,1.12
573,mahibadhoo,76,MV,1509175289,100,3.78,72.97,82.71,5.37
574,floresta,24,BR,1509175290,65,-8.6,-38.57,71.24,8.32
575,meulaboh,12,ID,1509175290,100,4.14,96.13,83.48,5.14
576,camocim,68,BR,1509175290,88,-2.9,-40.84,76.55,13.91
577,maniitsoq,92,GL,1509175291,100,65.42,-52.9,32.13,8.61
578,bulancak,0,TR,1509175291,75,40.94,38.23,57.69,3.62
579,nome,90,US,1509173580,100,64.5,-165.41,24.8,5.82
580,marcona,68,PE,1509175292,100,-15.37,-75.16,58.28,10.4
581,todos santos,0,MX,1509175292,95,23.45,-110.22,78.39,10.85
582,scarborough,48,GB,1509173400,87,54.28,-0.4,50.0,17.22
583,sun city west,1,US,1509173880,29,33.66,-112.34,73.4,2.91
584,kyren,0,RU,1509175293,61,51.68,102.14,24.62,2.62
585,bon accord,1,CA,1509174000,70,53.83,-113.42,44.6,9.17
586,san policarpo,56,PH,1509175293,100,12.18,125.51,82.13,6.82
587,acajutla,75,SV,1509169800,83,13.59,-89.83,78.8,6.93
588,dasoguz,90,TM,1509172200,87,41.84,59.97,53.6,4.7
589,muncar,48,ID,1509175294,83,-8.43,114.33,83.32,6.73
590,berezovyy,44,RU,1509175294,52,51.67,135.7,49.82,5.3
591,eirunepe,12,BR,1509175295,96,-6.66,-69.87,76.64,2.13
592,kaeo,80,NZ,1509175295,67,-35.1,173.78,62.64,10.18
593,fare,92,PF,1509175295,99,-16.7,-151.02,79.83,10.56
594,saint-ambroise,20,CA,1509174000,98,48.55,-71.33,33.8,4.7
595,kokopo,32,PG,1509175296,94,-4.35,152.26,84.56,3.91
596,novichikha,0,RU,1509175296,75,52.2,81.39,40.37,19.35
597,arras,0,FR,1509174000,100,50.29,2.78,42.8,6.93
598,along,0,IN,1509175297,50,28.17,94.77,75.74,2.01
599,san jose,1,US,1509174480,67,37.34,-121.89,62.6,2.15
600,honiara,40,SB,1509174000,78,-9.43,159.95,82.4,4.7
